{
    "loss": 0.7786430716514587,
    "accuracy": 0.8568666577339172
}