{
    "loss": 0.7965238690376282,
    "accuracy": 0.8356666564941406
}